name,price_rate,room_and_property_type,latitude,longitude,person_capacity,review_count,satisfaction_guest
Walk 2 Downtown Gatlinburg/Awesome Mountain Views,82,Entire condo,35.70779,-83.51373,4,42,4.95
‚≠êÔ∏èNEW-PristineGburgLoft-2A-Walk2Pancakesü•û & Slopes‚õ∑,83,Entire condo,35.70976,-83.51323,4,111,4.92
Art Loft! A Real Smoky Mountain Experience...Bear Visits!,84,Entire cabin,35.74673,-83.51497,2,308,4.87
Farmhouse 2 - King Cottage  ‚òÜ Downtown Gatlinburg,85,Entire condo,35.71656,-83.50076,2,214,4.87
Farmhouse 4 - King Cottage Downtown Gatlinburg,85,Entire condo,35.71541,-83.50122,2,197,4.89
Farmhouse 3 - King Cottage Downtown Gatlinburg,85,Entire condo,35.71739,-83.5003,2,190,4.87
Farmhouse 8 - King Cottage Downtown Gatlinburg,85,Entire condo,35.71767,-83.50022,2,219,4.87
"Farmhouse 7 - King Cottage
Downtown Gatlinburg",85,Entire condo,35.71586,-83.50099,2,197,4.81
Smoky Mountain View,85,Entire condo,35.7108,-83.55277,2,156,4.8
Unreal Mt. Leconte Views/Gatlinburg Condo/Hot Tub,86,Entire condo,35.70656,-83.55962,4,219,4.89
Outstanding Mt. LeConte Views/Near DwTn Gatlinburg/Hot Tub/Pool/Brand New Listing,86,Entire condo,35.70765,-83.56006,4,41,4.9
"Magic Moments II, 1 Bedroom, Sleeps 4, Heart Shape Tub, Pool Table, Hot Tub",86,Entire cabin,35.74089,-83.45381,4,9,4.56
Amazing Views Of Mt. LeConte/Hot Tub/15 Min 2 DwTn,88,Entire condo,35.70685,-83.55828,4,194,4.87
Lovely condo w/ indoor pool *only steps to parkway,89,Entire condo,35.709,-83.52229,4,33,4.97
Awesome Mountain View/Hot Tub/Near DwTn Gatlinburg,89,Entire condo,35.70778,-83.56048,6,173,4.78
"Cuddle Bear, 1 Bedroom, Hot Tub, Grill, Jetted Tub, Fireplace, Sleeps 2",93,Entire cabin,35.73947,-83.48342,2,1,5
"Mountain Splendor, 1 Bedroom, Grill, Fireplace, Sleeps 2",93,Entire cabin,35.74216,-83.48014,2,2,3
Extraordinary Mountain Views/Hot Tub/Gatlinburg,94,Entire condo,35.70753,-83.55947,4,119,4.89
4-min walk to Gburg/Newly Renovated/Mtn-City Views,94,Entire condo,35.71074,-83.51413,4,37,4.89
*RIVERFRONT* Condo near downtown Gatlinburg Unit 6,95,Entire condo,35.72503,-83.51183,4,134,4.86
Gorgeous Mountain Views/Near Downtown Gatlinburg,96,Entire cabin,35.73224,-83.46111,6,108,4.86
"Above and Beyond, 2 Bedrooms, Sleeps 6, Private, Amazing View, Hot Tub",96,Entire cabin,35.70012,-83.55526,6,5,4.8
Mountain Romance Cabin in Pigeon Forge,99,Entire cabin,35.77458,-83.61925,2,136,4.85
AMAZING GATLINBURG VIEWS! First Class 2BR Condo,100,Entire condo,35.70731,-83.55893,6,17,5
"LodgeStyle Loft, Mt.LeConte & Gatlinburg Views",101,Entire loft,35.70872,-83.55838,5,193,4.9
NEW REMODELED Mountain Studio as of September 15,102,Entire condo,35.70762,-83.55944,4,38,4.92
Amazing views /Mountain views/New/Gatlinburg,103,Entire loft,35.70891,-83.55899,4,296,4.85
"GT 502-Close to Annakeesta, Aquarium & Skiing",105,Entire condo,35.70977,-83.5092,6,41,4.85
Love Nest Cottage E: ‚òÜ Downtown Gatlinburg,105,Entire condo,35.71593,-83.50123,2,201,4.66
Laurel Inn 102-Walk to Gatlinburg Conv'n Cntr!,105,Entire condo,35.70918,-83.51555,4,83,4.81
The Cabin at Ski Mountain,105,Entire cabin,35.70997,-83.54069,6,106,4.91
Laurel Inn 207-RENOVATED & ELEVATED above D/Town!!,106,Entire condo,35.70872,-83.51335,4,65,4.89
Smoky Mountain views in Summit condo,106,Entire condo,35.709,-83.55884,4,236,4.92
"Sweet Surrender, 1 Bedroom, Hot Tub, WiFi, Sleeps 2",106,Entire cabin,35.73979,-83.50494,2,9,4.89
*RIVERFRONT* Condo near Downtown Gatlinburg Unit 4,107,Entire condo,35.72479,-83.51175,4,136,4.84
"‚ÄòTwo Hearts‚Äô Gatlinburg Cabin w/Hot Tub, Amenities",108,Entire cabin,35.72886,-83.4605,2,67,4.75
Laurel Inn Unit 505,109,Entire rental unit,35.70812,-83.51439,4,275,4.64
Sixth Floor Downtown Condo with private Balcony,109,Entire condo,35.70836,-83.51435,4,185,4.93
"Gatlinburg Top Rated, Mtn Views, 0.2 mi Hwy321 ‚ù§Ô∏è",109,Entire cabin,35.73649,-83.44119,4,8,5
"GT 304-Close to Annakeesta, Aquarium & Skiing!",110,Entire condo,35.70798,-83.50925,6,209,4.8
"GT 306-Close to Annakeesta, Aquarium & Skiing!",110,Entire condo,35.70856,-83.50958,6,118,4.75
"Lovers' Hideaway, 1 Bedroom, Jetted Tub, Private, Pool Table, Sleeps 4",110,Entire cabin,35.72868,-83.52075,4,15,4.8
Near Downtown Gatlinburg/Beautiful Views/Hot Tub,110,Entire cabin,35.73075,-83.46098,8,107,4.7
On the River | üëÄCharming Decor + River View = Romanceüòç,111,Entire cabin,35.72215,-83.51116,2,20,4.7
"Sherwood Forest Cabin w/Hot Tub, 5 Mi to Dollywood",112,Entire cabin,35.7589,-83.5489,6,69,4.54
Dancing Blues - 1 mile from downtown Gatlinburg,113,Entire cottage,35.722618,-83.494461,4,84,4.95
"Gold Crown Resort.Smokies Cottage King,Queen,2Twin",115,Entire loft,35.71789,-83.49021,6,7,5
"Autumn Ridge, 2 Bedrooms, Gold Rated, Hot Tub, Sleeps 6",115,Entire cabin,35.7092,-83.49864,6,5,5
Mountain Grove Vacations,116,Entire home,35.74878,-83.50184,4,17,5
"GT 506-Close to Annakeesta, Aquarium & Skiing!",116,Entire condo,35.70819,-83.50934,6,247,4.85
Lofts 4a - Heart of Downtown Gatlinburg!,116,Entire condo,35.71052,-83.51211,4,271,4.83
Lofts 511-NEW UPDATE Heart of Downtown Gatlinburg!,116,Entire condo,35.70956,-83.51402,4,232,4.86
Lofts 6a - Heart of Downtown Gatlinburg!,116,Entire condo,35.71018,-83.51412,4,253,4.87
"GT 307-Close to Annakeesta, Aquarium & Skiing!",116,Entire condo,35.70843,-83.50888,6,230,4.87
‚ù§Ô∏è5min to pkwy‚ô•Ô∏èHot tub~WOOD fireplace~fast wifiüêª,116,Entire cabin,35.74349,-83.48119,2,84,4.93
NEW! 'Bear Paw Inn' with Hot Tub and Pool Table!,119,Entire cabin,35.73209,-83.4925,4,17,4.76
"Hugs N Kisses: Pool Table, Hot Tub, Pool Table, Community Pool, Close to Downtown Gatlinburg!",120,Entire home,35.7379,-83.477,4,40,4.73
"Pet Friendly, Studio Cabin w/ Hot Tub!",121,Entire cabin,35.73048,-83.45899,3,146,4.82
Secluded Forest Cabin - 4 Mi to Dwntwn Gatlinburg!,121,Entire cabin,35.74621,-83.47776,4,42,4.79
"‚ô• ‚ô• Relaxing Mountain Getaway | Hot Tub, Wifi ‚ô• ‚ô•",122,Entire cabin,35.734818,-83.495293,6,43,5
Honeysuckle Hideaway - Most Romantic cabin on MTN,122,Entire cabin,35.76357,-83.47527,2,63,4.79
MOUNTAINTOP ROMANCE Cutest Log Cabin on the Mtn,122,Entire cabin,35.76187,-83.47595,2,6,5
"üêªLocation! Cute Studio Log Cabin,Hot Tub,Fireplace",124,Entire cabin,35.773643,-83.541229,2,40,5
‚ô• Romantic+Nestled in the Woods ‚ô•  Hot Tub ‚ô•Wifi ‚ô•,125,Entire cabin,35.75303,-83.49367,6,190,4.9
Stunning Views Of Mt. LeConte/Hot Tub/3.6 Miles 2 Downtown Gatlinburg,125,Entire cabin,35.74473,-83.47879,6,290,4.86
"‚õ∞ Amazing Views! Hot Tub,Pool Table,Fireplace,Relax!",125,Entire cabin,35.743912,-83.500877,2,145,4.95
"Charming cabin w/ king bed, wifi, hot tub, arcades",125,Entire cabin,35.77226,-83.44028,5,43,4.98
"‚ù§Ô∏è‚Äçüî•Location! Cute Studio Log Cabin,Hot Tub,Fireplace",125,Entire cabin,35.773647,-83.541206,2,56,4.96
"‚õ∞Great View, Location, Studio Log Cabin, Hot Tub‚ù§Ô∏è",126,Entire cabin,35.738178,-83.434952,2,33,4.88
"üêªGreat View, Location, Studio Log Cabin, Hot Tub‚õ∞",126,Entire cabin,35.738178,-83.434952,2,43,4.98
"New! Secluded < 5Mi to GSMNP! Fast Wifi, Hot Tub!",127,Entire cabin,35.71506,-83.54409,8,51,4.96
Cozy Bear Cabin - Great Location & Hot Tub!,127,Entire cabin,35.75725,-83.49177,6,72,4.82
‚ù§Ô∏è Cute Studio Cabin! Views! Private. Hot Tub. Relax!,128,Entire cabin,35.761517,-83.474007,2,185,4.83
"Back to Nature, 2 Bedroom, Fireplace, Hot Tub, WiFi, Pet Friendly, Sleeps 6",129,Entire cabin,35.70976,-83.49589,6,10,4.7
Secluded & Private Smoky Mtn-View Cabin w/Fire Pit,131,Entire cabin,35.76145,-83.49095,4,132,4.53
"Spacious LOG Cabin, Pool , 5 min to Town ,Pets ok",131,Entire cabin,35.73016,-83.45924,4,257,4.82
Postcard View of GSMNP/3.6 Miles 2 DwTn Gatlinburg,132,Entire cabin,35.74357,-83.4794,8,162,4.93
Amazing Views GSMNP/3.5 Miles 2 DwTn Gat/Hot Tub,132,Entire cabin,35.74444,-83.4792,4,368,4.88
Modern Cabin 3 miles Downtown Gatlinburg w Hot Tub,132,Entire cabin,35.72982,-83.46011,2,164,4.96
Sensational Views GSMNP/Near DwTn Gatlinburg,133,Entire cabin,35.74173,-83.48672,2,352,4.94
"Honeymoon/Anniversary Cabin! Hottub, Jacuzzi, Wifi",134,Entire cabin,35.75753,-83.47324,4,93,4.94
Little Cabin All To Yourself,135,Entire cabin,35.764671,-83.489326,6,385,4.88
"GsM - Honeymoon ""I DO"" Cabin , PriVaTE , HotTub",135,Entire cabin,35.76078,-83.4745,4,299,4.87
Smoky Mountain Dreams,136,Entire cabin,35.7536,-83.4864,6,281,4.89
Gatlinburg Mountainside Escape w/ Outdoor Hot Tub!,137,Entire cabin,35.71126,-83.50122,4,42,4.83
Rustic Cabin,137,Entire cabin,35.75537,-83.47544,6,339,4.91
Near Downtown Gatlinburg/Creek Access/Renovated,137,Entire cabin,35.7593,-83.53614,4,94,4.91
Cozy & romantic getaway oasis. Secluded bliss.,138,Entire cabin,35.75906,-83.47573,6,400,4.93
Log Cabin w/ Pool Table & Hot Tub in Gatlinburg!,139,Entire cabin,35.75062,-83.47745,2,59,4.92
"RiseShine-Close to ISLAND, Ripken & Pigeon Snow!",139,Entire cabin,35.76224,-83.61912,6,209,4.89
LUXURY AND AFFORDABLE MEMORIAL DAY GETAWAY,140,Entire rental unit,35.7323,-83.51994,4,0,
Private Cabin Close to Everything! HotTub/Loft!,140,Entire cabin,35.75617,-83.47504,5,221,4.96
Stunning Views GSMNP/Hot Tub/Near DwTn Gatlinburg,141,Entire cabin,35.7425,-83.48116,8,351,4.94
"Whispering Creek 

Your Perfectly Located Getaway!",141,Entire cabin,35.75819,-83.50947,4,218,4.9
Romantic Gatlinburg Studio Cabin w/ Hot Tub & Deck,142,Entire loft,35.73088,-83.45829,2,77,4.97
'Sky Harbor' Couples' Retreat w/ Hot Tub & Deck!,142,Entire cabin,35.75822,-83.49525,4,84,4.82
"Sanitized-ETERNAL LOVE~Honeymoon,View,HotTub,Games",143,Entire cabin,35.75429,-83.47219,4,244,4.9
"Mountain Freedom ""Private Retreat""",143,Entire cabin,35.74978,-83.47761,2,268,4.93
"üêª Nice View ‚õ∞  Fireplace, Hot Tub, Porch Bed, Private",144,Entire cabin,35.755432,-83.503502,4,141,4.94
'Bear Mountain Chalet' w/ Hot Tub & Mountain Views,144,Entire cabin,35.75313,-83.48606,6,68,4.91
Panoramic Views GSMNP/Near Downtown Gatlinburg,145,Entire cabin,35.74096,-83.48408,2,383,4.94
"Cozy Cabin, Ski Mtn Area, 5 minutes to Gatlinburg!",145,Entire cabin,35.70263,-83.55076,2,170,4.92
Near Downtown Gatlinburg/Hot Tub/Newly Built Cabin,145,Entire cabin,35.73311,-83.4602,4,99,4.95
Smoky Mountain Memories,145,Entire cabin,35.75451,-83.48865,4,168,4.9
Luxury Gatlinburg cabin/hot-tub/steps to the pool,146,Entire cabin,35.73132,-83.45843,6,74,4.92
Huge Views Of GSMNP/3.6 Miles 2 DwTn Gat/Hot Tub,147,Entire cabin,35.74278,-83.48094,4,345,4.94
Gatlinburg Cabin In The Woods/10 Min 2 Downtown,147,Entire cabin,35.702,-83.54631,7,49,4.98
Waterfront/Hot Tub/.7 Miles 2 DwTn Gatlinburg,148,Entire cabin,35.71599,-83.49973,6,179,4.98
Waterfront/See And Hear Rushing Water/Hot Tub/.9 Miles 2 Downtown Gatlinburg,149,Entire cabin,35.71704,-83.49538,4,273,4.91
‚òÖGreat Views w/ Sauna/Hot Tub ‚òÖ 3 Bed ‚òÖ Gatlinburg,149,Entire cabin,35.70827,-83.54884,6,39,4.92
Awesome reviews!‚òÄÔ∏èCozy cabin‚ù£Ô∏èCouplesüêªFamilies  too!,151,Entire cabin,35.75267,-83.47538,4,96,4.97
NAUGHTY PINES,151,Entire cabin,35.76247,-83.52298,2,5,4.2
'Breathtaking View' Cabin w/Covered Deck & Hot Tub,152,Entire cabin,35.73897,-83.47876,4,63,4.86
COZY MOUNTAIN HIDEAWAY,154,Entire home,35.7522,-83.46532,2,6,5
Gatlinburg Falls Resort 2 Story Cabin w/ 1 bedroom,154,Entire cabin,35.73506,-83.49411,6,274,4.84
Secluded Ober Mtn Chalet w/ VIEWS of Gatlinburg!,154,Entire cabin,35.70212,-83.55575,4,58,4.84
Elegantly Designed Cabin Minutes From Dollywood,154,Entire cabin,35.77704,-83.51306,5,126,4.89
Private Cabin / HotTub&Loft - Close to everything!,154,Entire cabin,35.75428,-83.49393,5,83,4.96
'Cabin in the Clouds' w/Hot Tub <10Mi to Dollywood,154,Entire cabin,35.73746,-83.5036,4,35,4.97
Modern Rustic Mountain Loft w/ Panoramic Views,155,Entire loft,35.70798,-83.55956,4,336,4.96
"Over $700 in FREE TICKETS, Heart Jacuzzi, Hot Tub, King Bed, Internet, 5 minutes to Aquarium",155,Entire cabin,35.74692,-83.46996,2,10,4.9
Heaven's Gate Cabin 1,156,Entire cabin,35.70173,-83.5546,4,96,4.93
Lover‚Äôs Escape - Perfect for couples!,156,Entire cabin,35.71024,-83.4975,2,316,4.99
PRiVATE Getaway‚òÖAmazing ViEWS ‚ù§Ô∏èCouples Retreat,156,Entire cabin,35.73328,-83.59898,3,293,4.83
MOUNTAIN MIST,156,Entire cabin,35.76907,-83.51398,2,16,5
4x4 adventure ‚ú±Breathtaking Private MTN VIEWS‚ú±,156,Entire cabin,35.73294,-83.60001,2,282,4.73
Hugs n' Kisses Romantic 1 Bedroom Cabin Gatlinburg,157,Entire cabin,35.74028,-83.45431,4,151,4.87
Spectacular Mt. Le Conte View! Tiny Cabin!,157,Entire cabin,35.75535,-83.48924,4,329,4.88
"May $avings! Location! Hot tub, pool table, arcade! Less than 3 miles to Gatlinburg!",158,Entire cabin,35.73595,-83.49319,8,38,5
"Fam-Friendly Cabin, Easy Access, Hot Tub+Arcade",159,Entire cabin,35.74261,-83.44976,6,56,4.98
Brand New Luxury Cabin,160,Entire cabin,35.74501,-83.52594,5,7,5
"Mtn Views @ Southern Drawl, Pigeon Forge, Private",160,Entire cabin,35.71403,-83.61899,6,101,4.92
Wall of Windows & Hot Tub Among Smoky Mtn Treetops,160,Entire cabin,35.76163,-83.47881,6,86,4.94
2 King Suites / 1 level True Log Cabin! Spectrum,160,Entire cabin,35.75698,-83.47619,6,154,4.92
HONEY BEAR CABIN,162,Entire cabin,35.75542,-83.47732,6,245,4.7
Cozy Classic Cabin! Well Maintained!,164,Entire cabin,35.75177,-83.48587,4,75,4.97
Moonshine Cabin - Private Location,166,Entire home,35.76527,-83.53324,6,41,4.8
Luxury 1 Bedroom 2 Story Cabin in Gatlinburg Falls,167,Entire cabin,35.73616,-83.49406,6,369,4.82
NEW updated hilltop cabin‚≠êÔ∏ètheater room‚≠êÔ∏èpopcorn machine‚≠êÔ∏èhot tub,167,Entire cabin,35.7549,-83.50773,6,1,5
The Hibernation Station,168,Entire cabin,35.74062,-83.48827,6,256,4.83
NICE N KNOTTY,169,Entire cabin,35.75584,-83.50103,2,11,5
Gigantic Views GSMNP/3.6 Miles 2 DwTn Gatlinburg,170,Entire cabin,35.74119,-83.48404,4,343,4.92
The Honeymooner: Private Hot Tub üòç Pool Table üé±,171,Entire cabin,35.73373,-83.49577,4,4,5
Mountain Romance,172,Entire cabin,35.74352,-83.45001,4,366,4.69
Private Modern Log Cabin w/ Beautiful Views + Tub,173,Entire cabin,35.75845,-83.46567,4,107,4.83
Sleeping Beauty,174,Entire chalet,35.70603,-83.55672,4,357,4.84
On Roaring Fork Stream/.9 Miles to DwTn Gatlinburg,174,Entire cabin,35.71615,-83.49413,6,213,4.88
Best Views In Gatlinburg/Hot Tub/3.6 Miles To DwTn,174,Entire cabin,35.7425,-83.47971,8,307,4.87
On Roaring Fork Stream/1 Mile To DwTn Gatlinburg,174,Entire cabin,35.71581,-83.4945,8,217,4.9
Deluxe unit can be your home away from home!,175,Entire rental unit,35.73145,-83.517,8,1,5
‚ôõ LUX 2BR w MOUNTAIN VIEWS! ‚ôõHOT TUB! ‚ôõFIRE PIT!‚ôõ,175,Entire cabin,35.757267,-83.547058,5,11,5
"Secluded, Hot tub, WIFI, Foosball table, DVD's",175,Entire cabin,35.76228,-83.55893,2,57,4.88
‚ú®Special ‚Ä¢ GETAWAY ‚Ä¢ WALK ‚Ä¢ DOWNTOWN ‚Ä¢ premiere ‚Ä¢ country ‚Ä¢ CABINüèï,175,Entire cabin,35.72206,-83.51424,6,33,4.79
Falconcrest* Enchanted Romantic  Mountain Hideaway,175,Entire cabin,35.75764,-83.44848,3,222,4.97
BEAR DANCE*Romantic Mountain Escape Super LOCATION,177,Entire cabin,35.76058,-83.47777,4,368,4.97
Eagles Nest Captivating Romantic Mountain Escape,177,Entire cabin,35.75565,-83.45004,2,216,4.96
Hard To Believe Views GSMNP/Near DwTn Gatlinburg,179,Entire cabin,35.7422,-83.4824,4,395,4.91
Astonishing Views Mt. Leconte/3.5 Miles 2 DwTn Gat,181,Entire loft,35.74198,-83.48318,2,187,4.94
"Mountain Views! Close to Town, Hot Tub, Fireplace",185,Entire home,35.70699,-83.54309,2,247,4.94
"Her Majesty's Way -  AWESOME Mountain Views, Hot Tub FREE Attraction Tickets!!!",186,Entire chalet,35.73776,-83.49838,6,1,5
Incredible Mtn View Lodge/Hot tub 2.3 mi to strip,186,Entire cabin,35.70719,-83.54958,6,23,4.96
Heavenly View for 2 ‚ô• (or 4) HotTub / Jacuzzi,192,Entire cabin,35.77898,-83.6046,4,289,4.95
üèîAMAZNG MTN VIEWS!‚õ∞//5 min to PFORGEüöô //HOT TUB! ‚ô®Ô∏è,193,Entire cabin,35.76059,-83.55816,6,46,4.83
Heaven‚Äôs Window - Luxury Log Home - AMAZING Views,194,Entire cabin,35.77717,-83.60135,7,20,4.95
"Hot Tub w/ Mountain View, Cozy Cabin, Newer Build",195,Entire cabin,35.72361,-83.53224,8,15,5
"Country Cabin, Private, Secluded, Mt views, 3.8mi.",195,Entire cabin,35.74897,-83.48043,2,156,4.99
Secluded‚õ∞Ô∏èMtn view New! 10 mins to Gatlinburg or Park,195,Entire cabin,35.74316,-83.49865,4,24,4.88
Gatlinburg cabin Smoky Mountain Resort/Waterpark,199,Entire condo,35.73114,-83.51714,6,0,
The Plaid Bear,201,Entire cabin,35.77714,-83.51367,8,5,5
"Amazing Mtn Views, AUGUST SPECIAL RATES! Hot Tub!",202,Entire cabin,35.73643,-83.49502,8,34,4.82
"""Just the Two of Us"" Cabin with Spectacular View",203,Entire cabin,35.73952,-83.48233,2,410,4.98
"Incredible views, 2 bedroom, 2 story log cabin",203,Entire cabin,35.73081,-83.49898,8,259,4.9
‚õ∞Dove‚Äôs Nest- Ridgetop Charmer w/ Deck & Hot Tub,205,Entire home,35.75564,-83.44989,2,34,4.94
Smoky Mountain Log Cabin with VIEWS of Mt. Leconte,210,Entire cabin,35.73984,-83.44921,4,112,4.84
**Brand New Luxury Getaway in the Smokies**,210,Entire cabin,35.71442,-83.52789,4,153,4.93
Moonshine Romance Wood Cabin Retreat,211,Entire cabin,35.75276,-83.47492,4,81,4.96
The Shirebrook - Spectacular Smoky Mountain Views,213,Entire cabin,35.7589,-83.55102,4,200,4.98
3 Bear Cubs Cabin,214,Entire chalet,35.70615,-83.54727,8,101,4.9
Mountain Soul,216,Entire cabin,35.73735,-83.49815,6,184,4.98
"Timeless Memories,Mtn View,Hot tub,Arcade, Jacuzzi",222,Entire cabin,35.75814,-83.5507,6,362,4.96
Free Dollywood tix-Privacy w view Romantic Getaway,230,Entire cabin,35.750481,-83.481049,2,44,4.95
BRAND NEW | 3 King Suites | 3 mi Downtown Gburg | Hot Tub | Game Room | Arcade,234,Entire cabin,35.718552,-83.529289,8,2,5
Great Mountain Views/2 Miles To DwTn Gatlinburg/HotTub,234,Entire cabin,35.71141,-83.54929,6,98,4.99
Time to Relax with Smoky Mountain Views | Balcony Hot Tub | Cozy Fireplace,235,Entire cabin,35.74312,-83.52477,4,38,5
"Quaint Cabin w/ Huge Deck, Hot Tub, Firepit, Views",243,Entire cabin,35.75597,-83.47101,4,39,4.77
"NEW! Modern, Mountain Views | 3 mi to Gatlinburg",255,Entire cabin,35.7416,-83.48824,8,149,4.98
The Cozy Cub Cabin-relax with Smoky Mountain Views,260,Entire cabin,35.74341,-83.52084,6,102,4.95
"NEWLY RENOVATED! Modern, Cozy | 3 mi to Gatlinburg",268,Entire cabin,35.72789,-83.53281,8,63,4.92
The Seclusion ‚ù§Ô∏è Romantic & Private Cabin w/ STUNNING views!,268,Entire cabin,35.74073,-83.49011,2,54,4.94
Mountain Peak Lodge ! AMAZING VIEWS | Hot Tub |,271,Entire cabin,35.71988,-83.48932,6,50,5
NEW Listing! | Views |Chalet Village | Gatlinburg!,285,Entire cabin,35.72016,-83.53027,4,36,5
WANDER INN | 1.5 Miles to Downtown Gatlinburg,286,Entire cabin,35.7102,-83.49927,6,89,4.9
"Once upon a time, Events welcome  Butler Service",320,Entire cabin,35.72773,-83.52423,6,32,5
The Star Window: A Modern Honeymoon Cabin,331,Entire cabin,35.71711,-83.5387,2,41,4.95
Mountain Lodge Gatlinburg,332,Entire cabin,35.74459,-83.47171,6,106,5
The ELM/PanoramicMountainView/BrandNewLuxuryCabin,385,Entire cabin,35.71877,-83.53609,9,28,4.96
Mountaintop Loft With Breathtaking 180¬∞ Views!,,Entire loft,35.70713,-83.56013,4,267,4.96
"Location!  Private Hot Tub & 3,000 Game Multicade",,Entire condo,35.72883,-83.49071,6,32,4.81
Lofts 402-NEW UPDATE Heart of Downtown Gatlinburg!,,Entire condo,35.70976,-83.51323,4,215,4.78
Farmhouse 5 - Queen Cottage Downtown Gatlinburg,,Entire condo,35.71565,-83.50003,2,194,4.81
NEW! Walkable Dtwn Gatlinburg Condo w/ Pool Access,,Entire condo,35.71463,-83.50941,2,28,4.89
Westgate Smoky Mountain Resort Condo (Standard),,Entire condo,35.731815,-83.517944,4,1,5
Bear Overlook üêª- 208 -Walk the Mnt Stream & Shops,,Entire condo,35.70947,-83.51016,8,81,4.51
"Highland Village, great location, free WiFi,",,Entire condo,35.724,-83.49643,4,20,4.95
"GT 605-Close to Annakeesta, Aquarium & Skiing!",,Entire condo,35.70824,-83.50942,6,168,4.89
Roomy Condo w/ Loft - Minutes from Hiking Trails!,,Entire condo,35.70807,-83.55998,6,100,4.95
Gorgeous Views GSMNP/Hot Tub/3.6 Miles 2 DwTn Gat,,Entire condo,35.70885,-83.55879,6,74,4.93
"New and Secluded, Sunset Views, HotTub, Multicade!",,Entire cabin,35.74309,-83.50024,4,119,4.98
Spectacular Gatlinburg Views! Cozy Cabin w/HOTTUB!,,Entire cabin,35.70403,-83.55292,6,222,4.9
Luxury 2 Story Cabin 1 Bedroom In Gatlinburg Falls,,Entire cabin,35.73509,-83.49382,6,334,4.83
Cozy 1BR cabin-Hot tub & Jacuzzi <5mi to downtown,,Entire cabin,35.74711,-83.47846,4,16,4.94
Hideaway Hill,,Entire cabin,35.74646,-83.47836,2,158,4.98
"Hawks View, Private, Free WiFi, Great View",,Entire cabin,35.77015,-83.45136,5,2,5
Big Views of Mt. LeConte/Near Downtown Gatlinburg,,Entire cabin,35.74402,-83.47834,8,91,4.92
‚ôõMajestic 2 BR w/ VIEWS!‚ôõOutdoor Dining‚ôõSAUNA‚ôõWifi,,Entire cabin,35.704407,-83.565346,8,39,4.97
"Great location Brand New Farm house ,Game-room,",,Entire cabin,35.72927,-83.52843,8,33,5
Fun-filled 2 bedroom cabin with hot tub,,Entire cabin,35.75926,-83.47663,6,25,4.96
‚õ∞ Awesome View. Amazing Reviews.,,Entire cabin,35.76082,-83.48901,5,317,4.93
